required_class,keep_skills_current,career_advancement,career_change,professional_development,job_displacement,relocation,it_certifications,financial,personal_enrichment,curiosity,source_high_school,source_it_website,source_admissions,source_advisor,source_employer,source_other,interest_rating,web_development,cybersecurity,app_development,data_analytics,machine_learning_ai,programming,game_design,hardware,gender,age
No,Yes,Yes,Yes,Yes,No,No,No,Yes,Yes,Yes,Yes,Yes,Yes,Yes,No,Don't recall,2,Yes,Yes,No,No,No,No,No,No,Prefer not to say,19-20
Yes,Yes,Yes,No,Yes,Yes,No,No,Yes,Yes,Yes,No,No,No,No,No,No,3,No,Yes,Yes,Yes,Yes,Yes,No,No,Woman,19-20
Yes,Yes,Yes,Yes,Yes,Yes,Yes,No,Yes,No,No,Yes,Don't recall,Don't recall,Don't recall,Don't recall,Don't recall,5,Yes,No,Yes,No,Yes,Yes,Yes,Yes,Man,18 and younger
No,Yes,No,No,No,No,No,No,No,No,No,No,No,Don't recall,No,Yes,No,3,No,No,No,Yes,No,No,Yes,No,Man,19-20
Yes,Yes,Yes,No,Yes,No,No,No,No,Yes,Yes,No,No,Yes,Yes,Don't recall,Don't recall,3,No,No,No,No,No,No,No,No,Woman,19-20
Yes,Yes,No,No,No,No,No,No,Yes,Yes,Yes,Yes,Yes,No,Yes,No,No,3,Yes,No,Yes,No,No,No,Yes,No,Woman,19-20
No,Yes,Yes,No,Yes,No,No,No,No,Yes,Yes,No,No,No,No,No,Yes,3,No,No,No,No,No,No,Yes,No,Woman,19-20
Yes,Yes,Yes,No,Yes,No,No,No,No,No,No,No,No,No,Yes,No,No,3,No,No,No,No,No,No,No,No,Woman,18 and younger
Yes,No,No,No,No,No,No,No,No,No,No,No,No,No,Yes,No,No,2,No,No,No,Yes,No,No,No,Yes,Woman,19-20
Yes,No,No,No,No,No,No,No,No,No,No,No,No,No,No,No,No,1,No,No,No,No,No,No,No,No,Woman,19-20
Yes,Yes,Yes,No,No,No,No,No,No,No,No,No,No,No,No,No,No,2,Yes,No,Yes,No,No,Yes,No,No,Woman,25-34
Yes,Yes,No,No,Yes,No,No,No,No,No,No,No,No,Yes,No,No,No,2,No,No,No,No,No,No,No,No,Woman,21-24
Yes,Yes,No,No,Yes,No,No,No,No,No,No,No,No,Yes,No,No,No,2,No,No,No,No,No,No,No,No,Woman,21-24
Yes,Yes,Yes,No,Yes,No,No,No,No,No,No,Don't recall,No,No,No,No,No,1,No,No,No,No,No,No,No,No,Woman,21-24
Yes,No,Yes,No,Yes,No,No,No,No,No,No,No,No,Yes,No,No,No,2,No,No,No,No,No,No,Yes,No,Non-binary,18 and younger
Yes,Yes,Yes,No,Yes,Yes,No,No,No,Yes,Yes,No,No,Don't recall,Don't recall,No,No,2,No,No,No,No,Yes,No,No,No,Man,19-20
Yes,Yes,Yes,No,No,Yes,No,No,No,No,No,No,No,No,No,No,No,2,No,No,No,No,No,No,No,No,Woman,18 and younger
Yes,Yes,No,No,No,Yes,No,No,Yes,Yes,No,No,No,No,No,No,No,2,No,No,No,No,No,No,No,No,Man,18 and younger
Yes,Yes,Yes,Yes,Yes,No,No,No,No,No,No,No,No,No,No,No,No,4,Yes,No,Yes,No,Yes,Yes,Yes,Yes,Woman,18 and younger
Yes,Yes,Yes,No,No,No,No,No,No,Yes,No,No,No,No,No,No,No,2,No,No,No,Yes,Yes,Yes,No,Yes,Man,19-20
Yes,No,No,No,No,No,No,No,No,No,No,No,Yes,No,Yes,No,No,3,No,No,No,No,No,No,No,No,Woman,18 and younger
Yes,No,No,No,No,No,No,No,No,No,No,No,No,No,No,No,No,2,No,No,No,No,No,No,No,No,Man,19-20
Yes,Yes,No,No,Yes,No,No,No,No,No,No,No,No,No,No,No,No,2,No,No,No,No,No,No,No,No,Man,25-34
Yes,Yes,Yes,No,Yes,No,No,No,Yes,Yes,Yes,No,No,No,No,No,No,3,No,Yes,No,No,No,No,No,No,Man,25-34
Yes,Yes,Yes,No,Yes,No,No,No,No,No,Yes,Yes,Don't recall,Don't recall,Don't recall,Don't recall,Don't recall,5,Yes,Yes,No,Yes,No,Yes,No,Yes,Woman,19-20
Yes,Yes,Yes,No,No,No,No,No,No,Yes,Yes,No,No,Don't recall,Don't recall,Yes,No,2,No,No,No,No,No,No,Yes,No,Man,18 and younger
Yes,No,No,No,Yes,No,No,No,No,Yes,No,No,No,Yes,No,No,No,2,Yes,Yes,Yes,No,No,No,Yes,No,Woman,19-20
Yes,Yes,Yes,No,Yes,No,No,No,Yes,Yes,Yes,No,No,No,No,No,No,2,No,No,No,No,No,Yes,No,No,Man,19-20
Yes,Yes,Yes,Yes,Yes,No,Yes,No,Yes,Yes,Yes,No,Yes,Yes,Yes,No,No,3,Yes,Yes,Yes,No,Yes,Yes,Yes,Yes,Man,25-34
Yes,Yes,Yes,No,Yes,No,No,No,No,Yes,Yes,No,No,Yes,Yes,No,No,2,No,No,No,Yes,No,No,No,No,Woman,21-24
Yes,Yes,No,No,Yes,Yes,No,No,No,No,No,No,Yes,Yes,Yes,No,No,2,No,No,No,No,No,No,No,No,Woman,21-24
Yes,No,Yes,No,Yes,No,No,No,No,Yes,Yes,No,No,No,No,Yes,Yes,4,No,Yes,No,Yes,No,No,Yes,No,Woman,18 and younger
Yes,Yes,Yes,No,Yes,No,No,No,Yes,Yes,Yes,No,No,No,No,No,No,1,Yes,No,Yes,No,Yes,No,Yes,No,Woman,18 and younger
Yes,Yes,Yes,Yes,Yes,Yes,No,No,Yes,No,Yes,No,No,No,No,Yes,No,3,No,Yes,No,Yes,No,No,No,Yes,Man,35-64
No,Yes,Yes,No,Yes,No,No,No,No,Yes,Yes,No,Yes,No,No,No,Yes,1,No,Yes,No,No,No,No,No,No,Woman,21-24
Yes,Yes,Yes,Yes,Yes,Yes,Yes,No,Yes,Yes,Yes,No,No,No,No,Yes,No,1,No,No,No,No,No,No,No,No,Man,19-20
Yes,Yes,Yes,Yes,Yes,No,No,No,Yes,Yes,Yes,No,No,Yes,Yes,No,No,3,Yes,No,Yes,No,No,No,No,No,Man,21-24
Yes,No,No,No,No,No,No,No,No,No,No,No,Yes,No,No,No,No,1,No,No,No,No,No,No,No,No,Man,19-20
No,Yes,Yes,No,Yes,No,No,No,Yes,Yes,Yes,No,No,No,No,No,No,3,No,Yes,No,No,No,No,No,No,Woman,19-20
Yes,No,No,Yes,Yes,Yes,No,No,Yes,Yes,No,No,No,No,No,No,No,2,No,No,No,No,Yes,No,No,No,Woman,19-20
Yes,Yes,Yes,No,Yes,Yes,Yes,No,No,Yes,Yes,No,Yes,Yes,No,No,No,5,Yes,No,No,No,Yes,Yes,No,No,Woman,21-24
Yes,Yes,No,No,Yes,No,No,No,No,No,No,No,No,Yes,No,No,No,5,No,Yes,No,No,Yes,No,Yes,No,Woman,18 and younger
Yes,No,No,No,Yes,No,No,No,No,No,Yes,No,No,No,No,No,No,1,No,No,No,No,No,No,No,No,Woman,19-20
Yes,Yes,Yes,No,Yes,No,No,No,No,No,No,Yes,No,No,Yes,No,No,1,No,No,No,No,No,No,No,No,Woman,18 and younger
Yes,Yes,Yes,Yes,Yes,No,No,No,No,Yes,Yes,No,No,No,No,No,No,5,Yes,Yes,Yes,Yes,Yes,Yes,Yes,Yes,Woman,25-34
Yes,Yes,Yes,No,Yes,No,No,No,No,Yes,Yes,No,No,No,Yes,No,No,3,Yes,No,Yes,Yes,Yes,Yes,No,No,Woman,21-24
Yes,Yes,Yes,Yes,Yes,No,No,No,No,No,No,Don't recall,Don't recall,Don't recall,Don't recall,Don't recall,Don't recall,3,No,No,No,No,No,No,No,No,Woman,21-24
Yes,Yes,Yes,No,Yes,No,No,No,Yes,Yes,Yes,No,No,No,Yes,No,No,3,No,Yes,Yes,No,No,No,Yes,No,Man,19-20
Yes,Yes,Yes,No,Yes,No,No,No,No,No,Yes,No,Yes,No,Yes,No,No,4,No,No,No,No,Yes,No,Yes,No,Woman,19-20
Yes,Yes,Yes,No,Yes,No,No,No,No,No,No,No,No,No,No,No,No,1,No,No,No,No,No,No,No,No,Man,19-20
Yes,Yes,Yes,Yes,Yes,Yes,No,No,No,Yes,Yes,No,Yes,Yes,Yes,No,No,4,Yes,Yes,Yes,Yes,Yes,Yes,Yes,Yes,Woman,19-20
Yes,Yes,No,No,Yes,No,No,No,No,Yes,Yes,No,No,Yes,Yes,No,No,5,No,Yes,No,Yes,Yes,Yes,Yes,Yes,Woman,25-34
Yes,Yes,Yes,No,Yes,No,No,No,No,No,No,No,No,Yes,Yes,No,No,3,No,Yes,Yes,No,No,Yes,Yes,Yes,Man,19-20
Yes,No,No,No,Yes,No,No,No,No,No,No,No,No,No,No,No,No,3,No,No,No,No,No,No,No,No,Man,35-64
Yes,Yes,No,No,Yes,No,No,No,No,Yes,No,No,No,No,Yes,No,No,2,No,No,No,Yes,No,No,No,Yes,Woman,19-20
No,Yes,No,No,No,No,No,No,No,Yes,Yes,No,No,No,No,No,No,1,No,No,No,No,No,No,No,No,Woman,25-34
Yes,Yes,Yes,No,Yes,No,No,No,No,Yes,Yes,Yes,No,No,No,No,No,3,No,No,Yes,No,Yes,No,Yes,No,Woman,18 and younger
Yes,Yes,No,No,Yes,Yes,No,No,Yes,Yes,Yes,No,Yes,Yes,No,No,No,4,No,Yes,Yes,Yes,Yes,Yes,Yes,Yes,Man,19-20
Yes,Yes,Yes,Yes,Yes,Yes,Yes,No,No,No,Yes,Don't recall,Yes,Yes,Yes,No,No,3,No,Yes,Yes,No,Yes,Yes,Yes,No,Man,21-24
Yes,Yes,No,No,Yes,No,No,No,No,No,No,No,No,No,No,No,No,2,Yes,Yes,Yes,Yes,No,Yes,No,No,Woman,19-20
Yes,Yes,Yes,No,Yes,Yes,Yes,No,Yes,Yes,Yes,Don't recall,Don't recall,Yes,Yes,Don't recall,Don't recall,3,Yes,Yes,Yes,Yes,Yes,Yes,No,No,Woman,21-24
Yes,No,No,No,No,No,No,No,No,No,No,No,No,No,No,No,No,1,No,No,No,No,No,No,No,No,Prefer not to say,19-20
Yes,Yes,Yes,No,No,No,No,No,No,No,No,Yes,Yes,No,No,No,No,1,No,No,No,No,No,No,No,No,Woman,19-20
Yes,Yes,No,No,Yes,No,No,No,No,Yes,Yes,No,No,Yes,No,No,No,2,No,No,No,No,No,No,No,No,Woman,25-34
No,Yes,Yes,Yes,No,No,No,Yes,No,Yes,Yes,No,No,No,No,No,No,3,No,Yes,No,Yes,Yes,No,Yes,Yes,Man,25-34
Yes,Yes,Yes,No,Yes,Yes,No,No,No,Yes,No,No,Yes,No,Yes,No,No,2,No,Yes,No,Yes,Yes,No,No,Yes,Man,19-20
Yes,Yes,No,No,Yes,No,No,No,No,No,No,No,No,Yes,Yes,No,Yes,3,No,No,Yes,No,No,No,Yes,No,Woman,19-20
No,Yes,Yes,Yes,Yes,Yes,No,No,No,Yes,Yes,No,No,No,No,No,No,3,No,No,No,Yes,No,Yes,No,Yes,Man,19-20
Yes,No,No,No,No,No,No,No,No,No,No,No,No,No,Yes,No,No,3,No,Yes,Yes,No,Yes,Yes,Yes,No,Woman,18 and younger
Yes,Yes,Yes,No,Yes,Yes,No,No,No,Yes,No,No,Yes,Yes,Yes,No,No,2,Yes,No,No,No,No,No,No,No,Woman,19-20
Yes,Yes,No,No,No,No,No,No,No,No,Yes,No,No,No,No,No,No,2,No,No,No,No,No,No,No,No,Woman,19-20
Yes,No,No,No,No,No,No,No,No,No,No,No,No,No,No,No,No,1,No,No,No,No,No,No,No,No,Woman,19-20
Yes,Yes,No,No,Yes,No,No,No,Yes,Yes,Yes,No,No,No,Yes,No,No,1,No,No,No,No,No,No,No,No,Woman,21-24
Yes,Yes,Yes,No,No,No,No,No,No,Yes,Yes,Yes,No,No,No,No,No,3,Yes,Yes,No,No,Yes,No,No,Yes,Woman,21-24
Yes,Yes,No,No,No,No,No,No,No,Yes,Yes,No,No,No,Yes,No,No,2,No,No,No,No,No,No,Yes,No,Woman,19-20
Yes,No,No,No,Yes,No,No,No,No,Yes,Yes,Don't recall,Don't recall,Don't recall,Don't recall,Don't recall,Don't recall,3,No,No,No,No,No,No,No,No,Woman,19-20
Yes,Yes,Yes,Yes,Yes,Yes,Yes,No,No,Yes,Yes,No,No,No,Yes,No,No,3,Yes,No,No,No,No,No,No,Yes,Man,35-64
No,No,No,No,No,No,No,No,No,No,No,No,No,No,No,No,No,3,No,No,No,No,No,No,No,Yes,Man,35-64
Yes,No,No,No,No,No,No,No,No,No,No,No,No,No,No,No,No,3,No,Yes,No,No,No,No,No,No,Woman,19-20
Yes,Yes,Yes,No,Yes,No,No,No,No,Yes,No,No,No,No,No,No,Yes,4,Yes,Yes,Yes,No,Yes,No,No,No,Woman,25-34
Yes,Yes,Yes,No,Yes,No,No,No,No,Yes,No,No,Yes,Yes,Yes,No,No,2,No,No,No,No,No,No,No,No,Woman,35-64
Yes,No,No,Yes,Yes,No,No,No,No,No,No,No,No,No,No,No,Don't recall,2,No,No,No,No,No,No,No,No,Man,21-24
Yes,Yes,Yes,No,Yes,Yes,Yes,Yes,Yes,Yes,Yes,Yes,Yes,Yes,Yes,Yes,Don't recall,3,No,Yes,No,No,No,No,Yes,Yes,Man,19-20
Yes,No,No,No,No,No,No,No,No,No,No,No,Don't recall,Don't recall,No,No,No,1,No,No,No,No,No,No,No,No,Woman,19-20
Yes,No,Yes,No,Yes,No,No,No,No,No,No,Yes,Yes,Yes,Yes,No,No,1,No,No,No,No,No,No,No,No,Woman,19-20
Yes,No,No,No,No,No,No,No,No,No,No,No,No,No,Yes,No,No,3,No,Yes,No,Yes,Yes,No,No,No,Woman,35-64
Yes,Yes,Yes,Yes,Yes,Yes,Yes,Yes,Yes,Yes,Yes,Don't recall,Don't recall,Yes,Yes,Yes,Don't recall,5,Yes,Yes,Yes,Yes,Yes,Yes,No,Yes,Woman,25-34
Yes,Yes,Yes,Yes,No,No,No,No,No,No,Yes,Don't recall,Don't recall,Don't recall,Don't recall,Don't recall,Don't recall,3,No,Yes,No,No,No,Yes,Yes,No,Woman,21-24
Yes,Yes,Yes,No,Yes,Yes,No,No,No,Yes,Yes,Don't recall,Don't recall,Don't recall,Don't recall,Don't recall,Don't recall,3,Yes,Yes,Yes,No,No,No,No,No,Woman,19-20
Yes,No,No,No,Yes,No,No,No,No,No,No,No,No,No,No,No,No,1,No,No,No,No,Yes,No,Yes,No,Woman,19-20
No,Yes,No,No,No,No,No,No,No,No,Yes,No,No,No,No,No,No,3,No,No,No,No,No,No,No,No,Man,19-20
Yes,Yes,Yes,No,Yes,No,No,No,No,Yes,Yes,No,No,No,Yes,No,No,5,No,No,No,No,Yes,No,No,Yes,Woman,21-24
